Device,TestName,Date,X-Position,Y-Position,Z-Position,X-Rotation,Y-Rotation,Z-Rotation
Focus3,FirstBigTest,2022-05-11T15:06:43,-0.6105912,1.250245,-3.116967,0.06461899,-0.03969999,0.002595321
Focus3,FirstBigTest,2022-05-11T15:06:43,-0.6105924,1.250246,-3.116954,0.06467588,-0.03969277,0.002633736
Focus3,FirstBigTest,2022-05-11T15:06:43,-0.610613,1.250224,-3.116964,0.06474729,-0.03972387,0.002603533
Focus3,FirstBigTest,2022-05-11T15:06:43,-0.6105968,1.250198,-3.11685,0.06465692,-0.03971428,0.002572953
Focus3,FirstBigTest,2022-05-11T15:06:43,-0.6105826,1.250197,-3.116777,0.06456135,-0.03966874,0.002574363
Focus3,FirstBigTest,2022-05-11T15:06:43,-0.6105717,1.250161,-3.116703,0.06461649,-0.03969536,0.002599216
Focus3,FirstBigTest,2022-05-11T15:06:44,-0.6105755,1.250167,-3.116719,0.06470613,-0.03979381,0.002676664
Focus3,FirstBigTest,2022-05-11T15:06:44,-0.6106425,1.250177,-3.116739,0.06473931,-0.03971413,0.002595375
Focus3,FirstBigTest,2022-05-11T15:06:44,-0.6106446,1.250176,-3.116773,0.06470004,-0.03966216,0.002607672
Focus3,FirstBigTest,2022-05-11T15:06:44,-0.6106783,1.250173,-3.116831,0.06466162,-0.03971173,0.002646796
Focus3,FirstBigTest,2022-05-11T15:06:44,-0.6106722,1.250185,-3.116898,0.06472497,-0.03969253,0.002675897
Focus3,FirstBigTest,2022-05-11T15:06:44,-0.6106716,1.250201,-3.116969,0.06479257,-0.03967352,0.002683729
Focus3,FirstBigTest,2022-05-11T15:06:44,-0.6106766,1.25022,-3.116967,0.06478491,-0.03966178,0.002654553
Focus3,FirstBigTest,2022-05-11T15:06:44,-0.6106868,1.250223,-3.11698,0.06475351,-0.0396354,0.00265732
Focus3,FirstBigTest,2022-05-11T15:06:44,-0.6106763,1.250214,-3.116972,0.06463882,-0.03968452,0.002662734
Focus3,FirstBigTest,2022-05-11T15:06:45,-0.6106842,1.250217,-3.116992,0.06462064,-0.0396832,0.002671278
Focus3,FirstBigTest,2022-05-11T15:06:45,-0.6106758,1.250233,-3.117014,0.06472461,-0.03971775,0.002674924
Focus3,FirstBigTest,2022-05-11T15:06:45,-0.6106509,1.250257,-3.117013,0.06476278,-0.03968389,0.002663676
Focus3,FirstBigTest,2022-05-11T15:06:45,-0.6106278,1.25026,-3.116954,0.06473411,-0.03969448,0.002669993
Focus3,FirstBigTest,2022-05-11T15:06:45,-0.6106257,1.250242,-3.11694,0.06468699,-0.03968141,0.002687691
Focus3,FirstBigTest,2022-05-11T15:06:45,-0.6106122,1.250237,-3.116927,0.06466118,-0.03968716,0.002632021
Focus3,FirstBigTest,2022-05-11T15:06:45,-0.6105612,1.250253,-3.116973,0.06474987,-0.0396781,0.002704784
Focus3,FirstBigTest,2022-05-11T15:06:45,-0.6105334,1.250245,-3.116984,0.06474344,-0.03968409,0.002644989
Focus3,FirstBigTest,2022-05-11T15:06:45,-0.6105536,1.250252,-3.116967,0.0647113,-0.03970613,0.002637005
Focus3,FirstBigTest,2022-05-11T15:06:46,-0.6105626,1.250235,-3.116911,0.06466472,-0.03967627,0.002618102
Focus3,FirstBigTest,2022-05-11T15:06:46,-0.6105422,1.250224,-3.116942,0.06469599,-0.03967524,0.002615831
Focus3,FirstBigTest,2022-05-11T15:06:46,-0.6105689,1.250231,-3.116951,0.06477044,-0.03974171,0.002616543
Focus3,FirstBigTest,2022-05-11T15:06:46,-0.6105766,1.250228,-3.116976,0.06482245,-0.0397093,0.002588904
Focus3,FirstBigTest,2022-05-11T15:06:46,-0.6106017,1.250211,-3.116955,0.06473725,-0.03967321,0.002660467
Focus3,FirstBigTest,2022-05-11T15:06:46,-0.610649,1.250221,-3.116943,0.06464827,-0.03970287,0.002647662
Focus3,FirstBigTest,2022-05-11T15:06:46,-0.6107233,1.250221,-3.116927,0.06467692,-0.03971528,0.002679628
Focus3,FirstBigTest,2022-05-11T15:06:46,-0.6107282,1.250213,-3.116977,0.06481521,-0.03968032,0.002646711
Focus3,FirstBigTest,2022-05-11T15:06:46,-0.6107067,1.250224,-3.116987,0.06482318,-0.03970287,0.002727123
Focus3,FirstBigTest,2022-05-11T15:06:47,-0.6106771,1.250206,-3.116997,0.06476966,-0.03967848,0.00264668
Focus3,FirstBigTest,2022-05-11T15:06:47,-0.6106586,1.250201,-3.116976,0.06468653,-0.0396916,0.002657607
Focus3,FirstBigTest,2022-05-11T15:06:47,-0.610672,1.250208,-3.116967,0.06472691,-0.03971951,0.002645537
Focus3,FirstBigTest,2022-05-11T15:06:47,-0.6106997,1.250216,-3.117057,0.06481264,-0.03967281,0.002668341
Focus3,FirstBigTest,2022-05-11T15:06:47,-0.6107336,1.250223,-3.11711,0.0648849,-0.03972879,0.002675456
Focus3,FirstBigTest,2022-05-11T15:06:47,-0.6107442,1.25023,-3.1171,0.06474403,-0.03976398,0.002687851
Focus3,FirstBigTest,2022-05-11T15:06:47,-0.6107225,1.250216,-3.117061,0.06471093,-0.03969853,0.00270866
Focus3,FirstBigTest,2022-05-11T15:06:47,-0.6107099,1.250251,-3.117069,0.06469669,-0.03975118,0.002757002
Focus3,FirstBigTest,2022-05-11T15:06:47,-0.6107059,1.250246,-3.11711,0.06485483,-0.03975302,0.002721542
Focus3,FirstBigTest,2022-05-11T15:06:48,-0.6106951,1.250261,-3.117134,0.06482778,-0.03979612,0.002736957
Focus3,FirstBigTest,2022-05-11T15:06:48,-0.6106477,1.250241,-3.117134,0.06473758,-0.0397539,0.002724998
Focus3,FirstBigTest,2022-05-11T15:06:48,-0.6106541,1.25024,-3.117114,0.06465296,-0.03974907,0.002722258
Focus3,FirstBigTest,2022-05-11T15:06:48,-0.6106204,1.250218,-3.11711,0.06468685,-0.03972546,0.002745015
Focus3,FirstBigTest,2022-05-11T15:06:48,-0.6106264,1.250209,-3.117141,0.06479023,-0.0397469,0.002706331
Focus3,FirstBigTest,2022-05-11T15:06:48,-0.6106246,1.250196,-3.117134,0.0647411,-0.03977333,0.002703268
Focus3,FirstBigTest,2022-05-11T15:06:48,-0.6106108,1.250178,-3.117129,0.06468701,-0.03976108,0.002690349
Focus3,FirstBigTest,2022-05-11T15:06:48,-0.6106126,1.25017,-3.117096,0.06459293,-0.03979499,0.00275322
Focus3,FirstBigTest,2022-05-11T15:06:48,-0.610644,1.250185,-3.1171,0.06465585,-0.03977494,0.002708464
Focus3,FirstBigTest,2022-05-11T15:06:49,-0.6106334,1.250187,-3.117089,0.06472132,-0.03980447,0.002713599
Focus3,FirstBigTest,2022-05-11T15:06:49,-0.6106454,1.250187,-3.117105,0.06471417,-0.03980237,0.002719809
Focus3,FirstBigTest,2022-05-11T15:06:49,-0.6106541,1.250173,-3.117065,0.06459522,-0.03983317,0.002610859
Focus3,FirstBigTest,2022-05-11T15:06:49,-0.6106619,1.250179,-3.117058,0.0646223,-0.03979849,0.002684062
Focus3,FirstBigTest,2022-05-11T15:06:49,-0.6106721,1.250152,-3.117049,0.06470759,-0.03980851,0.002642286
Focus3,FirstBigTest,2022-05-11T15:06:49,-0.6106898,1.250117,-3.117027,0.06476394,-0.03983054,0.002684561
Focus3,FirstBigTest,2022-05-11T15:06:49,-0.6107101,1.250105,-3.117007,0.06473868,-0.03980703,0.00259362
Focus3,FirstBigTest,2022-05-11T15:06:49,-0.6107332,1.250089,-3.116976,0.06464276,-0.03983141,0.002694006
Focus3,FirstBigTest,2022-05-11T15:06:49,-0.6107599,1.250105,-3.116948,0.06461145,-0.03983778,0.002686128
Focus3,FirstBigTest,2022-05-11T15:06:50,-0.6107569,1.250109,-3.116972,0.06474411,-0.03980981,0.002706608
Focus3,FirstBigTest,2022-05-11T15:06:50,-0.6107858,1.250125,-3.116977,0.06477264,-0.03983619,0.002722106
Focus3,FirstBigTest,2022-05-11T15:06:50,-0.610809,1.250119,-3.116987,0.06474984,-0.03980977,0.002690642
Focus3,FirstBigTest,2022-05-11T15:06:50,-0.6108115,1.250136,-3.116983,0.06464843,-0.03982546,0.002711398
Focus3,FirstBigTest,2022-05-11T15:06:50,-0.6107821,1.250203,-3.116987,0.06462321,-0.03977094,0.002712805
Focus3,FirstBigTest,2022-05-11T15:06:50,-0.6107346,1.250227,-3.117054,0.06482793,-0.03981878,0.002782496
Focus3,FirstBigTest,2022-05-11T15:06:50,-0.6106956,1.250214,-3.117081,0.0647402,-0.03979107,0.002690612
Focus3,FirstBigTest,2022-05-11T15:06:50,-0.6106952,1.250213,-3.117065,0.0647085,-0.03979268,0.002711167
Focus3,FirstBigTest,2022-05-11T15:06:50,-0.6107147,1.25021,-3.117024,0.06459849,-0.03979083,0.002720625
Focus3,FirstBigTest,2022-05-11T15:06:51,-0.6107529,1.250223,-3.117045,0.06466277,-0.03984527,0.002711726
Focus3,FirstBigTest,2022-05-11T15:06:51,-0.6107451,1.250234,-3.117078,0.06473345,-0.039838,0.002770615
Focus3,FirstBigTest,2022-05-11T15:06:51,-0.6107378,1.250205,-3.11712,0.06475651,-0.03974694,0.002719607
Focus3,FirstBigTest,2022-05-11T15:06:51,-0.6107466,1.250162,-3.117085,0.06458347,-0.03979977,0.00265243
Focus3,FirstBigTest,2022-05-11T15:06:51,-0.6107796,1.250153,-3.117078,0.06459201,-0.03977638,0.002703119
Focus3,FirstBigTest,2022-05-11T15:06:51,-0.6108136,1.25016,-3.117063,0.06465534,-0.03983711,0.002747652
Focus3,FirstBigTest,2022-05-11T15:06:51,-0.6108013,1.250177,-3.117073,0.0647443,-0.03979471,0.002713216
Focus3,FirstBigTest,2022-05-11T15:06:51,-0.610804,1.250162,-3.117063,0.06477061,-0.03978073,0.002716242
Focus3,FirstBigTest,2022-05-11T15:06:51,-0.6108029,1.250165,-3.117075,0.0646655,-0.03977068,0.002679549
Focus3,FirstBigTest,2022-05-11T15:06:52,-0.6108048,1.25015,-3.117036,0.06461728,-0.0398112,0.002705298
Focus3,FirstBigTest,2022-05-11T15:06:52,-0.6107896,1.250161,-3.117086,0.06473595,-0.03978877,0.002775459
Focus3,FirstBigTest,2022-05-11T15:06:52,-0.6107917,1.25018,-3.117077,0.06477508,-0.03983204,0.002776798
Focus3,FirstBigTest,2022-05-11T15:06:52,-0.6107939,1.250175,-3.117094,0.06474512,-0.03983911,0.002739894
Focus3,FirstBigTest,2022-05-11T15:06:52,-0.6108039,1.250145,-3.117064,0.06467567,-0.03981076,0.00275287
Focus3,FirstBigTest,2022-05-11T15:06:52,-0.6108059,1.250161,-3.117083,0.0646509,-0.03982186,0.002812091
Focus3,FirstBigTest,2022-05-11T15:06:52,-0.6107852,1.250137,-3.117114,0.06475446,-0.03980364,0.002787699
Focus3,FirstBigTest,2022-05-11T15:06:52,-0.6107933,1.250129,-3.11713,0.06476313,-0.03985444,0.002773895
Focus3,FirstBigTest,2022-05-11T15:06:52,-0.6108105,1.250102,-3.11716,0.0647544,-0.03982907,0.002757551
Focus3,FirstBigTest,2022-05-11T15:06:53,-0.6108074,1.250081,-3.117183,0.06460013,-0.03981791,0.002738666
Focus3,FirstBigTest,2022-05-11T15:06:53,-0.6108109,1.250093,-3.117181,0.06468601,-0.03979746,0.002794952
Focus3,FirstBigTest,2022-05-11T15:06:53,-0.6107942,1.250132,-3.117195,0.06477164,-0.03980938,0.002797615
Focus3,FirstBigTest,2022-05-11T15:07:32,-0.06443254,1.247512,1.366422,0.06226706,-0.04407731,-0.0003609002
Focus3,FirstBigTest,2022-05-11T15:07:32,-0.06441691,1.247524,1.366417,0.06231497,-0.04410004,-0.0003793077
Focus3,FirstBigTest,2022-05-11T15:07:32,-0.0644168,1.247519,1.366487,0.06234403,-0.04408457,-0.0003876465
Focus3,FirstBigTest,2022-05-11T15:07:32,-0.06439057,1.247549,1.366491,0.06243324,-0.04410172,-0.0003267202
Focus3,FirstBigTest,2022-05-11T15:07:32,-0.06437229,1.247514,1.366563,0.06236763,-0.04405753,-0.0004026359
Focus3,FirstBigTest,2022-05-11T15:07:33,-0.06438272,1.247503,1.366616,0.06237951,-0.0440661,-0.0003894184
Focus3,FirstBigTest,2022-05-11T15:07:33,-0.06439582,1.24749,1.366647,0.06238759,-0.04409101,-0.0003767587
Focus3,FirstBigTest,2022-05-11T15:07:33,-0.0644018,1.247504,1.366636,0.06239624,-0.04408378,-0.0003711738
Focus3,FirstBigTest,2022-05-11T15:07:33,-0.06441617,1.247512,1.366589,0.06248247,-0.04413871,-0.0003555076
Focus3,FirstBigTest,2022-05-11T15:07:33,-0.0644365,1.2475,1.366547,0.06253894,-0.04413313,-0.0003532504
Focus3,FirstBigTest,2022-05-11T15:07:33,-0.06447449,1.247493,1.366474,0.06238535,-0.04406848,-0.0004006097
Focus3,FirstBigTest,2022-05-11T15:07:33,-0.06449331,1.2475,1.366417,0.06239681,-0.04405438,-0.0003626655
Focus3,FirstBigTest,2022-05-11T15:07:33,-0.06452634,1.247491,1.36638,0.06243435,-0.04411977,-0.00033017
Focus3,FirstBigTest,2022-05-11T15:07:33,-0.06452554,1.247492,1.366322,0.06248055,-0.04413903,-0.0003322385
Focus3,FirstBigTest,2022-05-11T15:07:34,-0.06451983,1.247485,1.366294,0.06252212,-0.04411909,-0.0003189852
Focus3,FirstBigTest,2022-05-11T15:07:34,-0.0645116,1.247457,1.366322,0.06244427,-0.04407553,-0.000375174
Focus3,FirstBigTest,2022-05-11T15:07:34,-0.06451234,1.247459,1.366343,0.06240638,-0.04411721,-0.0003859915
Focus3,FirstBigTest,2022-05-11T15:07:34,-0.06451057,1.247476,1.366402,0.06232276,-0.04408038,-0.0003482825
Focus3,FirstBigTest,2022-05-11T15:07:34,-0.06450414,1.247469,1.366382,0.06239052,-0.04406327,-0.0003417778
Focus3,FirstBigTest,2022-05-11T15:07:34,-0.0645076,1.247474,1.366394,0.06241444,-0.04408297,-0.0003577874
Focus3,FirstBigTest,2022-05-11T15:07:34,-0.06450545,1.247504,1.366382,0.06252316,-0.04408411,-0.0003259201
Focus3,FirstBigTest,2022-05-11T15:07:34,-0.06452041,1.247502,1.366395,0.06243658,-0.04406366,-0.0004150217
Focus3,FirstBigTest,2022-05-11T15:07:34,-0.06452533,1.247505,1.366411,0.06245119,-0.04408755,-0.0003493945
Focus3,FirstBigTest,2022-05-11T15:07:35,-0.06452124,1.247523,1.366416,0.06239966,-0.04402603,-0.0003454555
Focus3,FirstBigTest,2022-05-11T15:07:35,-0.06452987,1.247535,1.366416,0.06241414,-0.04404834,-0.0003154282
Focus3,FirstBigTest,2022-05-11T15:07:35,-0.06455331,1.24753,1.366422,0.06246605,-0.04404585,-0.0003348504
Focus3,FirstBigTest,2022-05-11T15:07:35,-0.06456259,1.247542,1.366427,0.06250598,-0.04407596,-0.0003338365
Focus3,FirstBigTest,2022-05-11T15:07:35,-0.06457549,1.247513,1.366455,0.06242504,-0.04405748,-0.0003110275
Focus3,FirstBigTest,2022-05-11T15:07:35,-0.06457479,1.24747,1.366427,0.06242734,-0.0441044,-0.0003174982
Focus3,FirstBigTest,2022-05-11T15:07:35,-0.06458256,1.247437,1.366453,0.06235387,-0.0440616,-0.0003262341
Focus3,FirstBigTest,2022-05-11T15:07:35,-0.06455287,1.247435,1.366426,0.06248439,-0.04408534,-0.0002647841
Focus3,FirstBigTest,2022-05-11T15:07:35,-0.06453695,1.247416,1.366444,0.06245513,-0.04405493,-0.0002743541
Focus3,FirstBigTest,2022-05-11T15:07:36,-0.06453151,1.247403,1.366467,0.06246446,-0.04407448,-0.0002965841
Focus3,FirstBigTest,2022-05-11T15:07:36,-0.06451616,1.247392,1.366501,0.06238813,-0.04410211,-0.0002900386
Focus3,FirstBigTest,2022-05-11T15:07:36,-0.0645116,1.247366,1.366519,0.0623299,-0.0440599,-0.0003399575
Focus3,FirstBigTest,2022-05-11T15:07:36,-0.06452414,1.24735,1.366506,0.06236789,-0.04408677,-0.0003475898
Focus3,FirstBigTest,2022-05-11T15:07:36,-0.06452135,1.247364,1.366494,0.06241734,-0.04410663,-0.0002484861
Focus3,FirstBigTest,2022-05-11T15:07:36,-0.06451407,1.247367,1.366488,0.06248577,-0.0440795,-0.0002911584
Focus3,FirstBigTest,2022-05-11T15:07:36,-0.06451156,1.247377,1.366495,0.06248346,-0.04411148,-0.0003140983
Focus3,FirstBigTest,2022-05-11T15:07:36,-0.06450833,1.247363,1.366548,0.06235952,-0.04406893,-0.0002793661
Focus3,FirstBigTest,2022-05-11T15:07:36,-0.06449684,1.247339,1.366557,0.06240191,-0.04411194,-0.0003300695
Focus3,FirstBigTest,2022-05-11T15:07:37,-0.06449592,1.247359,1.366586,0.06237471,-0.04407864,-0.0003006468
Focus3,FirstBigTest,2022-05-11T15:07:37,-0.06448729,1.247364,1.366581,0.06248986,-0.04411056,-0.000293125
Focus3,FirstBigTest,2022-05-11T15:07:37,-0.06446324,1.247369,1.36656,0.06250156,-0.04407321,-0.0003062926
Focus3,FirstBigTest,2022-05-11T15:07:37,-0.06444488,1.247348,1.366585,0.06248229,-0.04409469,-0.0003322769
Focus3,FirstBigTest,2022-05-11T15:07:37,-0.06443904,1.247344,1.366562,0.06244946,-0.04404216,-0.0003383104
Focus3,FirstBigTest,2022-05-11T15:07:37,-0.06446172,1.247358,1.366612,0.06238663,-0.04408064,-0.000333333
Focus3,FirstBigTest,2022-05-11T15:07:37,-0.06447583,1.24738,1.366608,0.06249386,-0.04410727,-0.0003245949
Focus3,FirstBigTest,2022-05-11T15:07:37,-0.0645023,1.247376,1.366617,0.06248796,-0.04410147,-0.0003443246
Focus3,FirstBigTest,2022-05-11T15:07:37,-0.06451448,1.247373,1.366598,0.06250682,-0.04407478,-0.0003936802
Focus3,FirstBigTest,2022-05-11T15:07:38,-0.06455152,1.247381,1.366597,0.06246306,-0.04408725,-0.0003498962
Focus3,FirstBigTest,2022-05-11T15:07:38,-0.06457895,1.247365,1.366597,0.06249012,-0.04406365,-0.0003845964
Focus3,FirstBigTest,2022-05-11T15:07:38,-0.06460007,1.24738,1.366583,0.06238405,-0.04404677,-0.000324253
Focus3,FirstBigTest,2022-05-11T15:07:38,-0.06461112,1.247366,1.36656,0.06245492,-0.04410974,-0.0003521038
Focus3,FirstBigTest,2022-05-11T15:07:38,-0.06460432,1.247358,1.366536,0.06248525,-0.04410011,-0.0003612084
Focus3,FirstBigTest,2022-05-11T15:07:38,-0.06460658,1.247377,1.366509,0.06252299,-0.0441454,-0.0003152381
Focus3,FirstBigTest,2022-05-11T15:07:38,-0.06459931,1.24737,1.366539,0.0624094,-0.04410914,-0.0003603724
Focus3,FirstBigTest,2022-05-11T15:07:38,-0.06460192,1.247367,1.366549,0.06242579,-0.04412027,-0.0003642565
Focus3,FirstBigTest,2022-05-11T15:07:38,-0.06461832,1.24736,1.366566,0.06235116,-0.04409784,-0.0003669796
Focus3,FirstBigTest,2022-05-11T15:07:39,-0.06461807,1.247364,1.366529,0.06248489,-0.04412594,-0.0003325651
Focus3,FirstBigTest,2022-05-11T15:07:39,-0.06460939,1.247383,1.366522,0.06253277,-0.04405944,-0.0002701431
Focus3,FirstBigTest,2022-05-11T15:07:39,-0.06459897,1.2474,1.366524,0.06249231,-0.04408209,-0.0003197841
Focus3,FirstBigTest,2022-05-11T15:07:39,-0.0645805,1.247389,1.366539,0.06242664,-0.04405038,-0.0003305335
Focus3,FirstBigTest,2022-05-11T15:07:39,-0.06457853,1.247376,1.366546,0.06236333,-0.04410077,-0.0003130851
Focus3,FirstBigTest,2022-05-11T15:07:39,-0.06456342,1.24738,1.366531,0.06236123,-0.04406762,-0.0003390739
Focus3,FirstBigTest,2022-05-11T15:07:39,-0.06456134,1.247399,1.366531,0.06239342,-0.04408526,-0.0003431484
Focus3,FirstBigTest,2022-05-11T15:07:39,-0.06455811,1.247427,1.36652,0.06247389,-0.04402327,-0.0003089157
Focus3,FirstBigTest,2022-05-11T15:07:39,-0.06454935,1.247448,1.366519,0.06245322,-0.04401273,-0.0002917031
Focus3,FirstBigTest,2022-05-11T15:07:40,-0.06456666,1.24746,1.366536,0.0623708,-0.04403154,-0.0003571952
Focus3,FirstBigTest,2022-05-11T15:07:40,-0.06455158,1.247463,1.366536,0.06234998,-0.04403133,-0.0003091256
Focus3,FirstBigTest,2022-05-11T15:07:40,-0.06456056,1.24746,1.366534,0.06240521,-0.04404068,-0.000289025
Focus3,FirstBigTest,2022-05-11T15:07:40,-0.06456048,1.247472,1.36656,0.0624107,-0.04405446,-0.0003146686
Focus3,FirstBigTest,2022-05-11T15:07:40,-0.06455181,1.247482,1.366533,0.06250115,-0.04402676,-0.0002674385
Focus3,FirstBigTest,2022-05-11T15:07:40,-0.06456881,1.247447,1.366571,0.06234649,-0.04405132,-0.0003390932
Focus3,FirstBigTest,2022-05-11T15:07:40,-0.0645524,1.247436,1.366565,0.06230712,-0.04410727,-0.0003357173
Focus3,FirstBigTest,2022-05-11T15:07:40,-0.06455059,1.24742,1.366594,0.06230532,-0.04405105,-0.0002813801
Focus3,FirstBigTest,2022-05-11T15:07:40,-0.06455599,1.247421,1.366591,0.06239901,-0.0440281,-0.0003410199
Focus3,FirstBigTest,2022-05-11T15:07:41,-0.06455534,1.247437,1.366592,0.06244489,-0.04405262,-0.0002544118
Focus3,FirstBigTest,2022-05-11T15:07:41,-0.06455866,1.247417,1.366591,0.06242888,-0.04400416,-0.0002807762
Focus3,FirstBigTest,2022-05-11T15:07:41,-0.06454598,1.247397,1.366609,0.06233223,-0.04402444,-0.000311164
Focus3,FirstBigTest,2022-05-11T15:07:41,-0.06453997,1.247388,1.366619,0.06234579,-0.04401683,-0.0002776174
Focus3,FirstBigTest,2022-05-11T15:07:41,-0.06455059,1.24739,1.366624,0.06236944,-0.0440245,-0.0002453919
Focus3,FirstBigTest,2022-05-11T15:07:41,-0.06452195,1.247379,1.366596,0.06244827,-0.04396704,-0.0002243823
Focus3,FirstBigTest,2022-05-11T15:07:41,-0.06453302,1.24736,1.366617,0.06238592,-0.0439971,-0.0002555881
Focus3,FirstBigTest,2022-05-11T15:07:41,-0.06452554,1.247341,1.3666,0.06240299,-0.04400345,-0.0002743351
Focus3,FirstBigTest,2022-05-11T15:07:41,-0.06452208,1.247308,1.366628,0.06230728,-0.04397387,-0.0002389821
Focus3,FirstBigTest,2022-05-11T15:07:42,-0.06451798,1.247278,1.366617,0.0623667,-0.04402914,-0.0002731179
Focus3,FirstBigTest,2022-05-11T15:07:42,-0.06452212,1.247274,1.366619,0.0623413,-0.04395773,-0.0003388289
Focus3,FirstBigTest,2022-05-11T15:07:42,-0.06451846,1.247294,1.366606,0.06239377,-0.0439438,-0.0002837587
Focus3,FirstBigTest,2022-05-11T15:07:42,-0.06451648,1.247299,1.366607,0.06239866,-0.04397907,-0.0002486133
Focus3,FirstBigTest,2022-05-11T15:08:07,-0.0170998,1.249063,1.377636,-0.009445982,0.9975855,0.05049314
Focus3,FirstBigTest,2022-05-11T15:08:07,-0.01705227,1.249094,1.377624,-0.009311463,0.997595,0.05034738
Focus3,FirstBigTest,2022-05-11T15:08:07,-0.01704692,1.24911,1.37761,-0.009306612,0.997595,0.05036383
Focus3,FirstBigTest,2022-05-11T15:08:07,-0.01703734,1.249091,1.377588,-0.009268036,0.9976018,0.0502524
Focus3,FirstBigTest,2022-05-11T15:08:07,-0.01703159,1.249078,1.377588,-0.009247009,0.9975969,0.05037613
Focus3,FirstBigTest,2022-05-11T15:08:08,-0.01704719,1.249075,1.377546,-0.009134715,0.9975893,0.05058115
Focus3,FirstBigTest,2022-05-11T15:08:08,-0.01703254,1.249077,1.377536,-0.009148333,0.9975901,0.05052365
Focus3,FirstBigTest,2022-05-11T15:08:08,-0.01703727,1.24909,1.377528,-0.009179284,0.9976014,0.05039183
Focus3,FirstBigTest,2022-05-11T15:08:08,-0.01699971,1.249074,1.377504,-0.009219101,0.9975993,0.05033504
Focus3,FirstBigTest,2022-05-11T15:08:08,-0.01692661,1.249068,1.377437,-0.009118309,0.9975969,0.0504098
Focus3,FirstBigTest,2022-05-11T15:08:08,-0.01690426,1.249068,1.377429,-0.009171851,0.9975972,0.05043538
Focus3,FirstBigTest,2022-05-11T15:08:08,-0.01693776,1.249064,1.377418,-0.009128727,0.9975928,0.05058882
Focus3,FirstBigTest,2022-05-11T15:08:08,-0.01693793,1.249068,1.377456,-0.009088332,0.9976013,0.05042678
Focus3,FirstBigTest,2022-05-11T15:08:08,-0.01691952,1.249056,1.377465,-0.009162928,0.9975981,0.05045864
Focus3,FirstBigTest,2022-05-11T15:08:09,-0.01694201,1.249062,1.37747,-0.009075353,0.9976053,0.05036019
Focus3,FirstBigTest,2022-05-11T15:08:09,-0.0169521,1.249045,1.377453,-0.009101109,0.9975969,0.05049573
Focus3,FirstBigTest,2022-05-11T15:08:09,-0.01696578,1.249034,1.377426,-0.009061974,0.9976014,0.05044347
Focus3,FirstBigTest,2022-05-11T15:08:09,-0.0169856,1.249046,1.377445,-0.009052654,0.9975942,0.05060217
Focus3,FirstBigTest,2022-05-11T15:08:09,-0.01700998,1.24903,1.377445,-0.008904218,0.9976024,0.05047678
Focus3,FirstBigTest,2022-05-11T15:08:09,-0.01701732,1.24903,1.377466,-0.009004867,0.9975993,0.05050459
Focus3,FirstBigTest,2022-05-11T15:08:09,-0.01705088,1.249021,1.377448,-0.008999684,0.9975996,0.05055611
Focus3,FirstBigTest,2022-05-11T15:08:09,-0.01702599,1.248998,1.377431,-0.00902018,0.9976038,0.05048469
Focus3,FirstBigTest,2022-05-11T15:08:09,-0.01701166,1.248991,1.3774,-0.008959821,0.9976062,0.05044767
Focus3,FirstBigTest,2022-05-11T15:08:10,-0.01701941,1.24897,1.377401,-0.008827088,0.9976001,0.05057626
Focus3,FirstBigTest,2022-05-11T15:08:10,-0.01700593,1.248978,1.377422,-0.008967903,0.9975962,0.05065273
Focus3,FirstBigTest,2022-05-11T15:08:10,-0.01698739,1.249002,1.377445,-0.008867403,0.9975881,0.05077372
Focus3,FirstBigTest,2022-05-11T15:08:10,-0.01698318,1.248995,1.37743,-0.008830437,0.9976037,0.05056978
Focus3,FirstBigTest,2022-05-11T15:08:10,-0.01694659,1.248992,1.37745,-0.008825795,0.9976057,0.05054062
Focus3,FirstBigTest,2022-05-11T15:08:10,-0.01691297,1.248982,1.377456,-0.008900602,0.9975983,0.05067363
Focus3,FirstBigTest,2022-05-11T15:08:10,-0.01689455,1.248998,1.377498,-0.008741846,0.9975923,0.05081881
Focus3,FirstBigTest,2022-05-11T15:08:10,-0.01690969,1.249004,1.377503,-0.008697425,0.9975966,0.05075899
Focus3,FirstBigTest,2022-05-11T15:08:10,-0.01691175,1.249017,1.377514,-0.00884837,0.9976083,0.05046638
Focus3,FirstBigTest,2022-05-11T15:08:11,-0.01691285,1.249018,1.377486,-0.008810753,0.9976055,0.05054696
Focus3,FirstBigTest,2022-05-11T15:08:11,-0.01689873,1.249016,1.377503,-0.008654946,0.9976017,0.05067242
Focus3,FirstBigTest,2022-05-11T15:08:11,-0.01691596,1.249003,1.377498,-0.008700048,0.9975962,0.0507871
Focus3,FirstBigTest,2022-05-11T15:08:11,-0.01691942,1.249018,1.377506,-0.008713915,0.9975969,0.05079647
Focus3,FirstBigTest,2022-05-11T15:08:11,-0.01692147,1.249014,1.377479,-0.008698164,0.9976014,0.05074647
Focus3,FirstBigTest,2022-05-11T15:08:11,-0.01689698,1.249019,1.377476,-0.008720527,0.9976089,0.05059564
Focus3,FirstBigTest,2022-05-11T15:08:11,-0.01690627,1.248995,1.377429,-0.008619305,0.9976133,0.05053647
Focus3,FirstBigTest,2022-05-11T15:08:11,-0.01688654,1.248989,1.377397,-0.008594847,0.9976085,0.05064246
Focus3,FirstBigTest,2022-05-11T15:08:11,-0.01689718,1.248975,1.377385,-0.008625046,0.9976068,0.05074284
Focus3,FirstBigTest,2022-05-11T15:08:12,-0.01689938,1.24898,1.377371,-0.00853475,0.9976014,0.0508522
Focus3,FirstBigTest,2022-05-11T15:08:12,-0.01689233,1.24899,1.3774,-0.008659537,0.9976102,0.05070967
Focus3,FirstBigTest,2022-05-11T15:08:12,-0.01689653,1.248988,1.377381,-0.008616585,0.9976143,0.05060098
Focus3,FirstBigTest,2022-05-11T15:08:12,-0.01690882,1.248976,1.377346,-0.008643759,0.9976151,0.05059588
Focus3,FirstBigTest,2022-05-11T15:08:12,-0.01687941,1.248984,1.377315,-0.008594519,0.9976078,0.05075224
Focus3,FirstBigTest,2022-05-11T15:08:12,-0.01681194,1.248987,1.377278,-0.008539636,0.9976051,0.05080687
Focus3,FirstBigTest,2022-05-11T15:08:12,-0.01681668,1.249014,1.377288,-0.008522426,0.9975995,0.05088493
Focus3,FirstBigTest,2022-05-11T15:08:12,-0.01681762,1.249009,1.377301,-0.008486845,0.9976012,0.05089151
Focus3,FirstBigTest,2022-05-11T15:08:12,-0.01685502,1.248992,1.377311,-0.00849667,0.9976071,0.05078295
Focus3,FirstBigTest,2022-05-11T15:08:13,-0.0168875,1.248997,1.377333,-0.008569021,0.9976107,0.05078567
Focus3,FirstBigTest,2022-05-11T15:08:13,-0.01692371,1.248978,1.377316,-0.008549071,0.9976105,0.05077643
Focus3,FirstBigTest,2022-05-11T15:08:13,-0.01695593,1.248971,1.377368,-0.008576049,0.9976103,0.05080667
Focus3,FirstBigTest,2022-05-11T15:08:13,-0.01698831,1.248978,1.377388,-0.008505976,0.9975997,0.05098553
Focus3,FirstBigTest,2022-05-11T15:08:13,-0.01697905,1.248978,1.377453,-0.008520853,0.9975991,0.05099744
Focus3,FirstBigTest,2022-05-11T15:08:13,-0.01699013,1.248984,1.377472,-0.008429049,0.9976071,0.05091541
Focus3,FirstBigTest,2022-05-11T15:08:13,-0.01698826,1.248978,1.377447,-0.008492298,0.9976078,0.05085337
Focus3,FirstBigTest,2022-05-11T15:08:13,-0.01699873,1.248966,1.377425,-0.008429232,0.9976162,0.05072049
Focus3,FirstBigTest,2022-05-11T15:08:13,-0.01700088,1.248955,1.377419,-0.00843603,0.9976048,0.05094725
Focus3,FirstBigTest,2022-05-11T15:08:14,-0.01703283,1.248944,1.37737,-0.008420834,0.9975975,0.05109613
Focus3,FirstBigTest,2022-05-11T15:08:14,-0.01704965,1.248961,1.377354,-0.008437543,0.9976034,0.0509413
Focus3,FirstBigTest,2022-05-11T15:08:14,-0.01704443,1.248952,1.377309,-0.008389647,0.9976103,0.05084427
Focus3,FirstBigTest,2022-05-11T15:08:14,-0.01702543,1.248932,1.377326,-0.008476792,0.9976158,0.05076998
Focus3,FirstBigTest,2022-05-11T15:08:14,-0.01702675,1.248911,1.37731,-0.008307288,0.9976044,0.05102004
Focus3,FirstBigTest,2022-05-11T15:08:14,-0.01696823,1.248876,1.377335,-0.008269349,0.9976013,0.05103399
Focus3,FirstBigTest,2022-05-11T15:08:14,-0.01695378,1.248856,1.377335,-0.008228458,0.9976022,0.05105163
Focus3,FirstBigTest,2022-05-11T15:08:14,-0.01696974,1.248888,1.377339,-0.008283265,0.9976024,0.05107308
Focus3,FirstBigTest,2022-05-11T15:08:14,-0.0169611,1.248872,1.377358,-0.008246086,0.997611,0.05093431
Focus3,FirstBigTest,2022-05-11T15:08:15,-0.01697779,1.248881,1.377357,-0.00833051,0.9976085,0.05097229
Focus3,FirstBigTest,2022-05-11T15:08:15,-0.01697796,1.248863,1.377371,-0.008218772,0.9976059,0.05101482
Focus3,FirstBigTest,2022-05-11T15:08:15,-0.01699221,1.2489,1.377353,-0.008194434,0.9976122,0.05093267
Focus3,FirstBigTest,2022-05-11T15:08:15,-0.01698298,1.248935,1.377359,-0.008316844,0.9975993,0.05112148
Focus3,FirstBigTest,2022-05-11T15:08:15,-0.01699758,1.248951,1.377364,-0.008244834,0.9976079,0.05101695
Focus3,FirstBigTest,2022-05-11T15:08:15,-0.01700952,1.248931,1.377362,-0.008265483,0.9976072,0.05103442
Focus3,FirstBigTest,2022-05-11T15:08:15,-0.01701012,1.248907,1.377333,-0.008285148,0.9976088,0.05096583
Focus3,FirstBigTest,2022-05-11T15:08:15,-0.01704909,1.248896,1.377345,-0.008262689,0.9976003,0.05112572
Focus3,FirstBigTest,2022-05-11T15:08:15,-0.01705167,1.248868,1.377359,-0.008261952,0.9975968,0.05120017
Focus3,FirstBigTest,2022-05-11T15:08:16,-0.01703803,1.248821,1.377377,-0.008100535,0.9976022,0.05114127
Focus3,FirstBigTest,2022-05-11T15:08:16,-0.0170429,1.248811,1.377385,-0.008048873,0.9976083,0.05101349
Focus3,FirstBigTest,2022-05-11T15:08:16,-0.01705845,1.248819,1.377378,-0.008161162,0.9976079,0.05102623
Focus3,FirstBigTest,2022-05-11T15:08:16,-0.01707547,1.248813,1.377357,-0.008131632,0.9976037,0.05108407
Focus3,FirstBigTest,2022-05-11T15:08:16,-0.01706579,1.248821,1.377386,-0.008095767,0.9975957,0.05125275
Focus3,FirstBigTest,2022-05-11T15:08:16,-0.01706728,1.248822,1.377392,-0.008026586,0.9976004,0.05118782
Focus3,FirstBigTest,2022-05-11T15:08:16,-0.01705288,1.248831,1.377421,-0.008141022,0.9975954,0.05126487
Focus3,FirstBigTest,2022-05-11T15:08:16,-0.01701096,1.248853,1.377402,-0.008190739,0.9976048,0.05106695
Focus3,FirstBigTest,2022-05-11T15:08:16,-0.01699531,1.248909,1.377373,-0.008042487,0.9975983,0.05122503
Focus3,FirstBigTest,2022-05-11T15:08:17,-0.01698881,1.248932,1.377364,-0.007993991,0.9975963,0.0513068
Focus3,FirstBigTest,2022-05-11T15:08:17,-0.01699441,1.248939,1.377384,-0.008133877,0.9975872,0.05141678
Focus3,FirstBigTest,2022-05-11T15:08:17,-0.01700248,1.248963,1.377371,-0.008111547,0.9975902,0.05135062
Focus3,FirstBigTest,2022-05-11T15:08:17,-0.01701143,1.248969,1.377407,-0.008039478,0.9975975,0.05118862
Focus3,FirstBigTest,2022-05-11T15:08:45,-0.5500935,1.248181,-3.091106,-0.00161859,0.9976715,0.05445707
Focus3,FirstBigTest,2022-05-11T15:08:46,-0.5500953,1.248157,-3.091095,-0.001621327,0.9976735,0.05443705
Focus3,FirstBigTest,2022-05-11T15:08:46,-0.5500948,1.248163,-3.091055,-0.001764054,0.9976773,0.05436895
Focus3,FirstBigTest,2022-05-11T15:08:46,-0.550097,1.248155,-3.09106,-0.001731049,0.997678,0.05438715
Focus3,FirstBigTest,2022-05-11T15:08:46,-0.5501178,1.248148,-3.091053,-0.001695153,0.9976898,0.05415642
Focus3,FirstBigTest,2022-05-11T15:08:46,-0.5501307,1.248155,-3.091074,-0.001670407,0.997683,0.05428198
Focus3,FirstBigTest,2022-05-11T15:08:46,-0.5501277,1.248165,-3.091078,-0.00176072,0.9976807,0.0543385
Focus3,FirstBigTest,2022-05-11T15:08:46,-0.5501327,1.248176,-3.091048,-0.001723291,0.9976719,0.05444627
Focus3,FirstBigTest,2022-05-11T15:08:46,-0.5501302,1.248191,-3.091037,-0.001658989,0.9976796,0.05434132
Focus3,FirstBigTest,2022-05-11T15:08:46,-0.5501289,1.248189,-3.091049,-0.001649605,0.9976818,0.05430513
Focus3,FirstBigTest,2022-05-11T15:08:47,-0.5501329,1.248225,-3.091032,-0.001731971,0.9976735,0.0544148
Focus3,FirstBigTest,2022-05-11T15:08:47,-0.5501276,1.248228,-3.091016,-0.001638781,0.9976708,0.05449903
Focus3,FirstBigTest,2022-05-11T15:08:47,-0.550146,1.24827,-3.090956,-0.00176364,0.9976741,0.05441578
Focus3,FirstBigTest,2022-05-11T15:08:47,-0.5501758,1.24826,-3.090981,-0.001642783,0.997668,0.05453055
Focus3,FirstBigTest,2022-05-11T15:08:47,-0.5501878,1.248274,-3.090962,-0.001681929,0.9976773,0.05433416
Focus3,FirstBigTest,2022-05-11T15:08:47,-0.5501742,1.248262,-3.090977,-0.001664026,0.9976818,0.0542725
Focus3,FirstBigTest,2022-05-11T15:08:47,-0.5501782,1.248265,-3.090987,-0.001741481,0.9976787,0.05432034
Focus3,FirstBigTest,2022-05-11T15:08:47,-0.5501793,1.248295,-3.090967,-0.001740033,0.9976692,0.05447499
Focus3,FirstBigTest,2022-05-11T15:08:47,-0.5502017,1.248376,-3.090981,-0.001726872,0.997665,0.05457913
Focus3,FirstBigTest,2022-05-11T15:08:48,-0.5502263,1.248413,-3.090955,-0.001641432,0.9976668,0.05454068
Focus3,FirstBigTest,2022-05-11T15:08:48,-0.550238,1.248411,-3.090951,-0.001673008,0.9976761,0.05439638
Focus3,FirstBigTest,2022-05-11T15:08:48,-0.5502555,1.248412,-3.090946,-0.001542824,0.9976769,0.05436012
Focus3,FirstBigTest,2022-05-11T15:08:48,-0.5502502,1.24841,-3.090957,-0.001582278,0.9976787,0.05435253
Focus3,FirstBigTest,2022-05-11T15:08:48,-0.5502183,1.248388,-3.090963,-0.001588366,0.9976727,0.05444211
Focus3,FirstBigTest,2022-05-11T15:08:48,-0.5502188,1.248386,-3.090988,-0.001587111,0.997671,0.0544682
Focus3,FirstBigTest,2022-05-11T15:08:48,-0.5502255,1.248341,-3.090992,-0.001482927,0.9976703,0.05445558
Focus3,FirstBigTest,2022-05-11T15:08:48,-0.5502399,1.248289,-3.091038,-0.001496532,0.9976785,0.05431104
Focus3,FirstBigTest,2022-05-11T15:08:48,-0.550235,1.248286,-3.091045,-0.001560128,0.9976698,0.054513
Focus3,FirstBigTest,2022-05-11T15:08:49,-0.550257,1.248256,-3.091073,-0.001590973,0.9976722,0.05443815
Focus3,FirstBigTest,2022-05-11T15:08:49,-0.5502844,1.248248,-3.091064,-0.001643995,0.9976628,0.05463174
Focus3,FirstBigTest,2022-05-11T15:08:49,-0.5502859,1.248223,-3.09105,-0.001524298,0.9976656,0.05459052
Focus3,FirstBigTest,2022-05-11T15:08:49,-0.5502839,1.248221,-3.090996,-0.00155946,0.9976586,0.05467828
Focus3,FirstBigTest,2022-05-11T15:08:49,-0.550293,1.248218,-3.090993,-0.001544186,0.9976715,0.05448413
Focus3,FirstBigTest,2022-05-11T15:08:49,-0.550274,1.248239,-3.090917,-0.001465237,0.9976695,0.05449141
Focus3,FirstBigTest,2022-05-11T15:08:49,-0.5502676,1.248215,-3.090914,-0.001495371,0.9976678,0.05455364
Focus3,FirstBigTest,2022-05-11T15:08:49,-0.5502695,1.248234,-3.090881,-0.001518806,0.9976655,0.05458467
Focus3,FirstBigTest,2022-05-11T15:08:49,-0.5502758,1.248224,-3.090901,-0.001450137,0.9976559,0.0547662
Focus3,FirstBigTest,2022-05-11T15:08:50,-0.5502841,1.248232,-3.090886,-0.001432878,0.997669,0.05453792
Focus3,FirstBigTest,2022-05-11T15:08:50,-0.5502914,1.248245,-3.090889,-0.001403898,0.9976646,0.05459494
Focus3,FirstBigTest,2022-05-11T15:08:50,-0.5502909,1.248242,-3.090957,-0.001437266,0.9976728,0.05443963
Focus3,FirstBigTest,2022-05-11T15:08:50,-0.5503102,1.248249,-3.091008,-0.001399385,0.99767,0.05449368
Focus3,FirstBigTest,2022-05-11T15:08:50,-0.5503013,1.248241,-3.091047,-0.001447513,0.9976586,0.0547022
Focus3,FirstBigTest,2022-05-11T15:08:50,-0.5503056,1.248247,-3.09101,-0.001317021,0.9976665,0.05454151
Focus3,FirstBigTest,2022-05-11T15:08:50,-0.550292,1.248263,-3.091001,-0.001329753,0.9976593,0.05462048
Focus3,FirstBigTest,2022-05-11T15:08:50,-0.5502958,1.248271,-3.091002,-0.001391961,0.9976648,0.05454667
Focus3,FirstBigTest,2022-05-11T15:08:50,-0.550284,1.248297,-3.09097,-0.00145795,0.9976735,0.05441912
Focus3,FirstBigTest,2022-05-11T15:08:51,-0.5502869,1.248275,-3.09102,-0.001436172,0.9976676,0.05453718
Focus3,FirstBigTest,2022-05-11T15:08:51,-0.5502819,1.248276,-3.091009,-0.00140386,0.9976647,0.05456895
Focus3,FirstBigTest,2022-05-11T15:08:51,-0.5502845,1.248279,-3.091037,-0.001328578,0.997654,0.05474293
Focus3,FirstBigTest,2022-05-11T15:08:51,-0.5502999,1.248275,-3.09103,-0.001435587,0.9976615,0.05464019
Focus3,FirstBigTest,2022-05-11T15:08:51,-0.5502954,1.24828,-3.091026,-0.00122434,0.9976544,0.054765
Focus3,FirstBigTest,2022-05-11T15:08:51,-0.5502802,1.248249,-3.091045,-0.001517061,0.9976684,0.05450318
Focus3,FirstBigTest,2022-05-11T15:08:51,-0.5502903,1.248265,-3.091013,-0.001407471,0.9976642,0.05457486
Focus3,FirstBigTest,2022-05-11T15:08:51,-0.5502969,1.248264,-3.091049,-0.001333284,0.9976587,0.05472315
Focus3,FirstBigTest,2022-05-11T15:08:51,-0.5502691,1.248264,-3.090974,-0.001324854,0.9976555,0.05471529
Focus3,FirstBigTest,2022-05-11T15:08:52,-0.550291,1.248277,-3.090973,-0.001367779,0.9976579,0.05465613
Focus3,FirstBigTest,2022-05-11T15:08:52,-0.5502978,1.24828,-3.090915,-0.001250403,0.9976568,0.05467397
Focus3,FirstBigTest,2022-05-11T15:08:52,-0.5503005,1.248292,-3.090947,-0.00133066,0.9976578,0.05468512
Focus3,FirstBigTest,2022-05-11T15:08:52,-0.5502987,1.248282,-3.090941,-0.001325139,0.9976624,0.05456292
Focus3,FirstBigTest,2022-05-11T15:08:52,-0.5503325,1.248272,-3.090964,-0.001238705,0.9976606,0.05462417
Focus3,FirstBigTest,2022-05-11T15:08:52,-0.5503829,1.248291,-3.09093,-0.001501044,0.9976524,0.05476693
Focus3,FirstBigTest,2022-05-11T15:08:52,-0.5504396,1.248289,-3.090926,-0.001320614,0.9976463,0.0548428
Focus3,FirstBigTest,2022-05-11T15:08:52,-0.5504842,1.2483,-3.090897,-0.001197721,0.997647,0.05486562
Focus3,FirstBigTest,2022-05-11T15:08:52,-0.5504987,1.248319,-3.090863,-0.001227701,0.9976555,0.05472177
Focus3,FirstBigTest,2022-05-11T15:08:53,-0.5504909,1.248318,-3.090823,-0.001208083,0.9976588,0.05465941
Focus3,FirstBigTest,2022-05-11T15:08:53,-0.5504726,1.248327,-3.090807,-0.001222711,0.9976634,0.05454711
Focus3,FirstBigTest,2022-05-11T15:08:53,-0.5504582,1.248341,-3.090798,-0.001299278,0.997645,0.05492874
Focus3,FirstBigTest,2022-05-11T15:08:53,-0.5504413,1.248325,-3.090812,-0.001162773,0.9976482,0.05483671
Focus3,FirstBigTest,2022-05-11T15:08:53,-0.5504131,1.248325,-3.090778,-0.001175702,0.9976546,0.05472147
Focus3,FirstBigTest,2022-05-11T15:08:53,-0.5504131,1.248331,-3.09087,-0.001302336,0.9976516,0.05478492
Focus3,FirstBigTest,2022-05-11T15:08:53,-0.5504212,1.248346,-3.090888,-0.001270719,0.9976566,0.05467315
Focus3,FirstBigTest,2022-05-11T15:08:53,-0.5504233,1.248331,-3.090976,-0.00109537,0.9976499,0.05479729
Focus3,FirstBigTest,2022-05-11T15:08:53,-0.5504086,1.248324,-3.091072,-0.001206462,0.9976488,0.05477879
Focus3,FirstBigTest,2022-05-11T15:08:54,-0.5503826,1.248326,-3.091022,-0.001142472,0.9976373,0.05499275
Focus3,FirstBigTest,2022-05-11T15:08:54,-0.5503858,1.248321,-3.091033,-0.001217758,0.9976484,0.05478361
Focus3,FirstBigTest,2022-05-11T15:08:54,-0.5503963,1.248343,-3.090948,-0.00119142,0.9976481,0.05481875
Focus3,FirstBigTest,2022-05-11T15:08:54,-0.5504068,1.248312,-3.090931,-0.001171145,0.9976508,0.05476813
Focus3,FirstBigTest,2022-05-11T15:08:54,-0.5504672,1.248293,-3.090873,-0.001112337,0.9976465,0.05483796
Focus3,FirstBigTest,2022-05-11T15:08:54,-0.5504485,1.248272,-3.090812,-0.001153533,0.9976437,0.05492762
Focus3,FirstBigTest,2022-05-11T15:08:54,-0.5504324,1.248236,-3.090748,-0.001206757,0.9976501,0.05481495
Focus3,FirstBigTest,2022-05-11T15:08:54,-0.5504189,1.248246,-3.090744,-0.001144143,0.9976491,0.05480781
Focus3,FirstBigTest,2022-05-11T15:08:54,-0.5504258,1.248245,-3.090767,-0.001139025,0.9976448,0.05487976
Focus3,FirstBigTest,2022-05-11T15:08:55,-0.5504392,1.248245,-3.090769,-0.001063968,0.9976557,0.05469479
Focus3,FirstBigTest,2022-05-11T15:08:55,-0.5504535,1.248244,-3.09075,-0.001097348,0.9976451,0.05490348
Focus3,FirstBigTest,2022-05-11T15:08:55,-0.5504441,1.248222,-3.090786,-0.001197224,0.9976461,0.05489578
Focus3,FirstBigTest,2022-05-11T15:08:55,-0.5504543,1.248181,-3.090756,-0.001125129,0.9976479,0.0548369
Focus3,FirstBigTest,2022-05-11T15:08:55,-0.550438,1.248143,-3.0908,-0.001151865,0.9976441,0.0549172
Focus3,FirstBigTest,2022-05-11T15:08:55,-0.550398,1.248135,-3.090756,-0.0009965086,0.9976462,0.05485888
Focus3,FirstBigTest,2022-05-11T15:08:55,-0.5503947,1.248099,-3.090819,-0.001060868,0.9976536,0.05470518
Focus3,FirstBigTest,2022-05-11T15:08:55,-0.5504053,1.248091,-3.090813,-0.001061581,0.9976493,0.05483271
Focus3,FirstBigTest,2022-05-11T15:09:18,-0.413481,1.242872,-2.906457,0.04293859,-0.7332352,-0.03885625
Focus3,FirstBigTest,2022-05-11T15:09:18,-0.4136007,1.242897,-2.906726,0.04285945,-0.7332608,-0.03876282
Focus3,FirstBigTest,2022-05-11T15:09:18,-0.4135319,1.242914,-2.906835,0.04274967,-0.7332126,-0.03866799
Focus3,FirstBigTest,2022-05-11T15:09:18,-0.4133771,1.242824,-2.906835,0.04274674,-0.7332197,-0.03868236
Focus3,FirstBigTest,2022-05-11T15:09:18,-0.4134091,1.242682,-2.907039,0.04278198,-0.7332395,-0.03860019
Focus3,FirstBigTest,2022-05-11T15:09:18,-0.4134952,1.242651,-2.906769,0.04289731,-0.7332439,-0.03874826
Focus3,FirstBigTest,2022-05-11T15:09:18,-0.4136298,1.242696,-2.906701,0.04290832,-0.7332617,-0.03879791
Focus3,FirstBigTest,2022-05-11T15:09:18,-0.4136279,1.242806,-2.906907,0.04283719,-0.7332428,-0.03879587
Focus3,FirstBigTest,2022-05-11T15:09:18,-0.4133552,1.242777,-2.907003,0.04275258,-0.7332492,-0.03871429
Focus3,FirstBigTest,2022-05-11T15:09:19,-0.4134824,1.242684,-2.906955,0.04281805,-0.7332588,-0.038673
Focus3,FirstBigTest,2022-05-11T15:09:19,-0.4134039,1.242675,-2.90697,0.0428928,-0.7332494,-0.0387527
Focus3,FirstBigTest,2022-05-11T15:09:19,-0.413508,1.242667,-2.906764,0.04294379,-0.7332396,-0.03879543
Focus3,FirstBigTest,2022-05-11T15:09:19,-0.4136581,1.242623,-2.906756,0.04291501,-0.733249,-0.03886025
Focus3,FirstBigTest,2022-05-11T15:09:19,-0.4136239,1.242633,-2.90682,0.0428497,-0.7332286,-0.03881279
Focus3,FirstBigTest,2022-05-11T15:09:19,-0.4135235,1.242668,-2.906888,0.04274563,-0.7332363,-0.03871631
Focus3,FirstBigTest,2022-05-11T15:09:19,-0.4134957,1.242661,-2.906827,0.04280099,-0.7332507,-0.03871733
Focus3,FirstBigTest,2022-05-11T15:09:19,-0.4135312,1.242732,-2.906755,0.042874,-0.7332457,-0.03876358
Focus3,FirstBigTest,2022-05-11T15:09:19,-0.4134762,1.242828,-2.906808,0.04282355,-0.7332436,-0.03870007
Focus3,FirstBigTest,2022-05-11T15:09:20,-0.4136559,1.242803,-2.906932,0.04282894,-0.7332364,-0.03878717
Focus3,FirstBigTest,2022-05-11T15:09:20,-0.4135448,1.242754,-2.907168,0.04277467,-0.733239,-0.03874123
Focus3,FirstBigTest,2022-05-11T15:09:20,-0.4134774,1.242651,-2.906891,0.04279194,-0.7332335,-0.03888785
Focus3,FirstBigTest,2022-05-11T15:09:20,-0.4133508,1.242658,-2.906946,0.04280887,-0.7332249,-0.0387647
Focus3,FirstBigTest,2022-05-11T15:09:20,-0.4134527,1.242629,-2.907122,0.04292617,-0.7332346,-0.03879472
Focus3,FirstBigTest,2022-05-11T15:09:20,-0.413485,1.242617,-2.90695,0.04296874,-0.7332208,-0.03885258
Focus3,FirstBigTest,2022-05-11T15:09:20,-0.4134383,1.242671,-2.906995,0.04294086,-0.7332309,-0.03880846
Focus3,FirstBigTest,2022-05-11T15:09:20,-0.4137207,1.242669,-2.907006,0.04292105,-0.7332089,-0.03898216
Focus3,FirstBigTest,2022-05-11T15:09:20,-0.4135963,1.242676,-2.907024,0.04274419,-0.7332354,-0.03876959
Focus3,FirstBigTest,2022-05-11T15:09:21,-0.413479,1.24262,-2.906834,0.04286068,-0.7332311,-0.03887639
Focus3,FirstBigTest,2022-05-11T15:09:21,-0.4137936,1.2425,-2.906976,0.04277785,-0.7332309,-0.03886915
Focus3,FirstBigTest,2022-05-11T15:09:21,-0.4135765,1.242543,-2.907211,0.04289497,-0.7332032,-0.03873473
Focus3,FirstBigTest,2022-05-11T15:09:21,-0.4134386,1.242559,-2.906884,0.04283547,-0.7332212,-0.03884892
Focus3,FirstBigTest,2022-05-11T15:09:21,-0.4136477,1.242561,-2.907159,0.04290298,-0.733217,-0.03875646
Focus3,FirstBigTest,2022-05-11T15:09:21,-0.413631,1.242554,-2.907178,0.04280903,-0.7332363,-0.03879132
Focus3,FirstBigTest,2022-05-11T15:09:21,-0.4136229,1.242495,-2.907127,0.04274297,-0.7332317,-0.03878885
Focus3,FirstBigTest,2022-05-11T15:09:21,-0.4136026,1.242496,-2.906886,0.04296636,-0.7331853,-0.03886644
Focus3,FirstBigTest,2022-05-11T15:09:21,-0.4135504,1.242514,-2.907077,0.04286417,-0.7331949,-0.0388048
Focus3,FirstBigTest,2022-05-11T15:09:22,-0.4135492,1.242515,-2.906698,0.0429141,-0.7331886,-0.03886055
Focus3,FirstBigTest,2022-05-11T15:09:22,-0.4136454,1.242582,-2.90707,0.04279603,-0.7331716,-0.03882524
Focus3,FirstBigTest,2022-05-11T15:09:22,-0.413599,1.242595,-2.906941,0.04282202,-0.7332014,-0.03879993
Focus3,FirstBigTest,2022-05-11T15:09:22,-0.4136953,1.24256,-2.906752,0.042753,-0.7332075,-0.03882719
Focus3,FirstBigTest,2022-05-11T15:09:22,-0.4137397,1.242564,-2.906832,0.04286558,-0.7332262,-0.03879597
Focus3,FirstBigTest,2022-05-11T15:09:22,-0.4137034,1.24253,-2.907009,0.04280791,-0.7332191,-0.03879891
Focus3,FirstBigTest,2022-05-11T15:09:22,-0.4135534,1.242498,-2.907061,0.04290662,-0.7332593,-0.03874943
Focus3,FirstBigTest,2022-05-11T15:09:22,-0.4138053,1.242413,-2.907206,0.04284301,-0.7332035,-0.0388636
Focus3,FirstBigTest,2022-05-11T15:09:22,-0.4137731,1.242417,-2.907077,0.04272089,-0.733239,-0.0388292
Focus3,FirstBigTest,2022-05-11T15:09:23,-0.4138048,1.242447,-2.907068,0.04274702,-0.7332246,-0.03882981
Focus3,FirstBigTest,2022-05-11T15:09:23,-0.4136268,1.242443,-2.907092,0.04274949,-0.7332454,-0.03862115
Focus3,FirstBigTest,2022-05-11T15:09:23,-0.4136962,1.242446,-2.907029,0.04287229,-0.7332029,-0.03878017
Focus3,FirstBigTest,2022-05-11T15:09:23,-0.4136306,1.242414,-2.907076,0.04291695,-0.7332259,-0.03862618
Focus3,FirstBigTest,2022-05-11T15:09:23,-0.4138037,1.242368,-2.907244,0.04284384,-0.7332011,-0.03879178
Focus3,FirstBigTest,2022-05-11T15:09:23,-0.4138076,1.242368,-2.907119,0.04290108,-0.733219,-0.03887897
Focus3,FirstBigTest,2022-05-11T15:09:23,-0.4137602,1.242363,-2.906947,0.04279594,-0.7332128,-0.03883589
Focus3,FirstBigTest,2022-05-11T15:09:23,-0.4138254,1.242371,-2.907168,0.04288044,-0.7332103,-0.0386505
Focus3,FirstBigTest,2022-05-11T15:09:23,-0.4137329,1.24237,-2.907106,0.04286163,-0.7332214,-0.03879
Focus3,FirstBigTest,2022-05-11T15:09:24,-0.4137346,1.242365,-2.906801,0.04294129,-0.7331974,-0.03889322
Focus3,FirstBigTest,2022-05-11T15:09:24,-0.4138013,1.242425,-2.907215,0.04284605,-0.7332324,-0.03879366
Focus3,FirstBigTest,2022-05-11T15:09:24,-0.4136963,1.242418,-2.907185,0.04279449,-0.7332053,-0.03875642
Focus3,FirstBigTest,2022-05-11T15:09:24,-0.413589,1.242395,-2.907022,0.04273626,-0.7332228,-0.03869076
Focus3,FirstBigTest,2022-05-11T15:09:24,-0.4137601,1.242389,-2.907196,0.04281673,-0.733202,-0.03877337
Focus3,FirstBigTest,2022-05-11T15:09:24,-0.4137276,1.242416,-2.907135,0.04284894,-0.7332146,-0.03883671
Focus3,FirstBigTest,2022-05-11T15:09:24,-0.4137704,1.242467,-2.907053,0.04287592,-0.7331894,-0.03885539
Focus3,FirstBigTest,2022-05-11T15:09:24,-0.4138469,1.242521,-2.907231,0.04292627,-0.7331868,-0.03880161
Focus3,FirstBigTest,2022-05-11T15:09:24,-0.4137732,1.242514,-2.907146,0.04275458,-0.7331821,-0.0387371
Focus3,FirstBigTest,2022-05-11T15:09:25,-0.4136562,1.242501,-2.907089,0.04266824,-0.7332072,-0.03873532
Focus3,FirstBigTest,2022-05-11T15:09:25,-0.413881,1.242444,-2.907243,0.04270182,-0.7331824,-0.03876147
Focus3,FirstBigTest,2022-05-11T15:09:25,-0.4138949,1.242416,-2.90715,0.04284045,-0.7332242,-0.03885166
Focus3,FirstBigTest,2022-05-11T15:09:25,-0.4138121,1.24237,-2.90688,0.04284344,-0.7332047,-0.03893915
Focus3,FirstBigTest,2022-05-11T15:09:25,-0.4139112,1.242339,-2.907153,0.04264582,-0.7332249,-0.03887614
Focus3,FirstBigTest,2022-05-11T15:09:25,-0.4138039,1.24233,-2.907088,0.04278054,-0.7332312,-0.03882839
Focus3,FirstBigTest,2022-05-11T15:09:25,-0.4137188,1.242364,-2.907143,0.04266088,-0.733173,-0.03875443
Focus3,FirstBigTest,2022-05-11T15:09:25,-0.4138354,1.242361,-2.907228,0.04288315,-0.7332181,-0.03888932
Focus3,FirstBigTest,2022-05-11T15:09:25,-0.4137578,1.242376,-2.907148,0.04294387,-0.7332127,-0.03884772
Focus3,FirstBigTest,2022-05-11T15:09:26,-0.4138117,1.24247,-2.906832,0.0428639,-0.7332247,-0.03887557
Focus3,FirstBigTest,2022-05-11T15:09:26,-0.4137593,1.242466,-2.907173,0.04276264,-0.7332131,-0.03872915
Focus3,FirstBigTest,2022-05-11T15:09:26,-0.4137965,1.242471,-2.907075,0.04269784,-0.7332405,-0.038839
Focus3,FirstBigTest,2022-05-11T15:09:26,-0.4135857,1.242444,-2.906956,0.04276332,-0.7332091,-0.03882055
Focus3,FirstBigTest,2022-05-11T15:09:26,-0.4137096,1.242414,-2.907071,0.04264897,-0.7332174,-0.03880364
Focus3,FirstBigTest,2022-05-11T15:09:26,-0.4137855,1.242399,-2.907088,0.04291067,-0.7331923,-0.03884649
Focus3,FirstBigTest,2022-05-11T15:09:26,-0.4136381,1.242427,-2.907197,0.04288152,-0.7332398,-0.03881812
Focus3,FirstBigTest,2022-05-11T15:09:26,-0.413859,1.242429,-2.907177,0.04279445,-0.7332302,-0.03898115
Focus3,FirstBigTest,2022-05-11T15:09:26,-0.4139555,1.242423,-2.907179,0.04289746,-0.7331887,-0.03893023
Focus3,FirstBigTest,2022-05-11T15:09:27,-0.4138499,1.242461,-2.907118,0.04276539,-0.7331873,-0.03889316
Focus3,FirstBigTest,2022-05-11T15:09:27,-0.413884,1.242513,-2.907047,0.04291808,-0.7331716,-0.03885759
Focus3,FirstBigTest,2022-05-11T15:09:27,-0.4138365,1.242474,-2.907158,0.04273481,-0.7331821,-0.03874386
Focus3,FirstBigTest,2022-05-11T15:09:27,-0.4138066,1.242486,-2.907162,0.04284786,-0.733194,-0.03883468
Focus3,FirstBigTest,2022-05-11T15:09:27,-0.4138266,1.242465,-2.907231,0.04286097,-0.7331849,-0.03889262
Focus3,FirstBigTest,2022-05-11T15:09:27,-0.4138522,1.24249,-2.907201,0.04274461,-0.7331918,-0.03891078
Focus3,FirstBigTest,2022-05-11T15:09:27,-0.4138263,1.242458,-2.907138,0.04287118,-0.7331968,-0.03879508
Focus3,FirstBigTest,2022-05-11T15:09:27,-0.4139206,1.242455,-2.907393,0.04266631,-0.7332134,-0.03884877
Focus3,FirstBigTest,2022-05-11T15:09:27,-0.413808,1.24247,-2.90734,0.04286071,-0.7332076,-0.03877361
Focus3,FirstBigTest,2022-05-11T15:10:02,0.07486925,1.255953,1.600767,0.04335337,-0.7353814,-0.04515984
Focus3,FirstBigTest,2022-05-11T15:10:02,0.07483266,1.255958,1.60067,0.04341447,-0.7353727,-0.04517207
Focus3,FirstBigTest,2022-05-11T15:10:02,0.07492242,1.25595,1.600643,0.04332261,-0.7354153,-0.04509962
Focus3,FirstBigTest,2022-05-11T15:10:02,0.07493067,1.255957,1.600703,0.0433508,-0.7353992,-0.04512523
Focus3,FirstBigTest,2022-05-11T15:10:02,0.07482211,1.255963,1.600634,0.04335193,-0.7353943,-0.04515906
Focus3,FirstBigTest,2022-05-11T15:10:03,0.07487429,1.255998,1.600685,0.04337349,-0.7353805,-0.0451915
Focus3,FirstBigTest,2022-05-11T15:10:03,0.07492342,1.256024,1.600808,0.04335049,-0.7353913,-0.04523033
Focus3,FirstBigTest,2022-05-11T15:10:03,0.0749441,1.256021,1.60069,0.04343368,-0.7354075,-0.04506985
Focus3,FirstBigTest,2022-05-11T15:10:03,0.07494865,1.256032,1.60061,0.04339574,-0.7353754,-0.04509439
Focus3,FirstBigTest,2022-05-11T15:10:03,0.07490012,1.256027,1.600716,0.04344067,-0.7353845,-0.04513039
Focus3,FirstBigTest,2022-05-11T15:10:03,0.0748459,1.256011,1.600628,0.04322453,-0.7354003,-0.04515844
Focus3,FirstBigTest,2022-05-11T15:10:03,0.07473224,1.256023,1.600586,0.04333239,-0.7353762,-0.04515124
Focus3,FirstBigTest,2022-05-11T15:10:03,0.07475289,1.25601,1.600707,0.04334403,-0.7353943,-0.04502987
Focus3,FirstBigTest,2022-05-11T15:10:03,0.07471784,1.256016,1.600623,0.04337361,-0.7353987,-0.0451172
Focus3,FirstBigTest,2022-05-11T15:10:04,0.07478993,1.256031,1.600717,0.04337922,-0.7354221,-0.0451325
Focus3,FirstBigTest,2022-05-11T15:10:04,0.07487775,1.256032,1.600645,0.04324589,-0.7353941,-0.04515797
Focus3,FirstBigTest,2022-05-11T15:10:04,0.07483594,1.256015,1.60062,0.04322264,-0.7353938,-0.04513163
Focus3,FirstBigTest,2022-05-11T15:10:04,0.07487845,1.256023,1.600698,0.04331866,-0.7354292,-0.04512674
Focus3,FirstBigTest,2022-05-11T15:10:04,0.07484144,1.256019,1.600768,0.04335866,-0.7354132,-0.04518235
Focus3,FirstBigTest,2022-05-11T15:10:04,0.07486377,1.256029,1.600795,0.04324811,-0.7353851,-0.04516569
Focus3,FirstBigTest,2022-05-11T15:10:04,0.07479614,1.256043,1.600655,0.043386,-0.735376,-0.04509545
Focus3,FirstBigTest,2022-05-11T15:10:04,0.07492123,1.256042,1.600637,0.043274,-0.7353989,-0.04515391
Focus3,FirstBigTest,2022-05-11T15:10:04,0.07487791,1.256054,1.600636,0.0432619,-0.7353899,-0.0451509
Focus3,FirstBigTest,2022-05-11T15:10:05,0.07490223,1.256063,1.600629,0.04321641,-0.7354194,-0.04500669
Focus3,FirstBigTest,2022-05-11T15:10:05,0.07491665,1.256088,1.60068,0.0432809,-0.7354081,-0.04512358
Focus3,FirstBigTest,2022-05-11T15:10:05,0.07479209,1.256138,1.60053,0.04336848,-0.735384,-0.0451497
Focus3,FirstBigTest,2022-05-11T15:10:05,0.07486946,1.256145,1.600592,0.043319,-0.7353904,-0.04516112
Focus3,FirstBigTest,2022-05-11T15:10:05,0.07481208,1.256207,1.600635,0.04346946,-0.7354047,-0.04516766
Focus3,FirstBigTest,2022-05-11T15:10:05,0.07480479,1.256196,1.60056,0.04324746,-0.7353989,-0.04507619
Focus3,FirstBigTest,2022-05-11T15:10:05,0.07480295,1.256169,1.600561,0.04322033,-0.7353962,-0.04515271
Focus3,FirstBigTest,2022-05-11T15:10:05,0.07486212,1.256148,1.600664,0.04328674,-0.7353844,-0.04526592
Focus3,FirstBigTest,2022-05-11T15:10:05,0.07482554,1.256161,1.60062,0.04327144,-0.7354118,-0.04513877
Focus3,FirstBigTest,2022-05-11T15:10:06,0.07486559,1.256153,1.600625,0.04329406,-0.7354179,-0.04506648
Focus3,FirstBigTest,2022-05-11T15:10:06,0.07490076,1.256132,1.600733,0.04312702,-0.735465,-0.04517053
Focus3,FirstBigTest,2022-05-11T15:10:06,0.07479411,1.256156,1.600585,0.04331931,-0.7353982,-0.04503622
Focus3,FirstBigTest,2022-05-11T15:10:06,0.07484639,1.256173,1.600539,0.04320934,-0.7354043,-0.04506983
Focus3,FirstBigTest,2022-05-11T15:10:06,0.07485113,1.256185,1.600525,0.04326035,-0.7354298,-0.04517817
Focus3,FirstBigTest,2022-05-11T15:10:06,0.07480685,1.256176,1.600548,0.04328423,-0.7354136,-0.04513897
Focus3,FirstBigTest,2022-05-11T15:10:06,0.07485484,1.256173,1.600536,0.04315126,-0.7354472,-0.04507592
Focus3,FirstBigTest,2022-05-11T15:10:06,0.07490829,1.256171,1.600571,0.04327459,-0.7353691,-0.04509715
Focus3,FirstBigTest,2022-05-11T15:10:06,0.07481862,1.256172,1.600511,0.04319373,-0.735428,-0.04508397
Focus3,FirstBigTest,2022-05-11T15:10:07,0.0747997,1.256168,1.600578,0.04330156,-0.7354333,-0.0451194
Focus3,FirstBigTest,2022-05-11T15:10:07,0.07479968,1.256172,1.600577,0.04330391,-0.7354178,-0.04511271
Focus3,FirstBigTest,2022-05-11T15:10:07,0.07472511,1.256168,1.600587,0.04332732,-0.7353975,-0.04511495
Focus3,FirstBigTest,2022-05-11T15:10:07,0.07479011,1.256195,1.600603,0.04324846,-0.7353667,-0.04505723
Focus3,FirstBigTest,2022-05-11T15:10:07,0.07495975,1.256187,1.600585,0.04325791,-0.7353778,-0.04492993
Focus3,FirstBigTest,2022-05-11T15:10:07,0.07494533,1.256196,1.600474,0.04329667,-0.7354125,-0.04502318
Focus3,FirstBigTest,2022-05-11T15:10:07,0.07491659,1.256174,1.600536,0.04328969,-0.7354214,-0.04506195
Focus3,FirstBigTest,2022-05-11T15:10:07,0.07487133,1.256197,1.600559,0.04338175,-0.7353826,-0.04510015
Focus3,FirstBigTest,2022-05-11T15:10:07,0.07482246,1.256212,1.600473,0.04334739,-0.7353948,-0.04508299
Focus3,FirstBigTest,2022-05-11T15:10:08,0.07484198,1.256219,1.600528,0.04332075,-0.7353907,-0.04518388
Focus3,FirstBigTest,2022-05-11T15:10:08,0.07482931,1.256198,1.600566,0.04334268,-0.7354205,-0.04514199
Focus3,FirstBigTest,2022-05-11T15:10:08,0.07474308,1.25618,1.600316,0.043246,-0.735409,-0.04500599
Focus3,FirstBigTest,2022-05-11T15:10:08,0.07472973,1.256175,1.600331,0.04327242,-0.7354216,-0.04498284
Focus3,FirstBigTest,2022-05-11T15:10:08,0.07476202,1.256177,1.60041,0.04330076,-0.7353822,-0.04513495
Focus3,FirstBigTest,2022-05-11T15:10:08,0.07471955,1.256159,1.60037,0.04331532,-0.7354205,-0.04512028
Focus3,FirstBigTest,2022-05-11T15:10:08,0.07474233,1.256152,1.600496,0.0432911,-0.7354053,-0.045098
Focus3,FirstBigTest,2022-05-11T15:10:08,0.07477953,1.256162,1.600472,0.04324934,-0.7353951,-0.04506472
Focus3,FirstBigTest,2022-05-11T15:10:08,0.07477458,1.256156,1.600406,0.04333015,-0.7353902,-0.04512984
Focus3,FirstBigTest,2022-05-11T15:10:09,0.074748,1.256138,1.60046,0.04326655,-0.7353756,-0.04514391
Focus3,FirstBigTest,2022-05-11T15:10:09,0.07481879,1.256132,1.600468,0.04324162,-0.7353761,-0.04509778
Focus3,FirstBigTest,2022-05-11T15:10:09,0.07470722,1.256129,1.600472,0.04332577,-0.7354034,-0.04506769
Focus3,FirstBigTest,2022-05-11T15:10:09,0.07470666,1.256122,1.600463,0.04332396,-0.735387,-0.04512085
Focus3,FirstBigTest,2022-05-11T15:10:09,0.07472079,1.256129,1.60041,0.0432915,-0.7353782,-0.04506852
Focus3,FirstBigTest,2022-05-11T15:10:09,0.07471248,1.256108,1.600381,0.04332985,-0.7354187,-0.04508728
Focus3,FirstBigTest,2022-05-11T15:10:09,0.07474504,1.256084,1.600373,0.04325059,-0.7353929,-0.04506924
Focus3,FirstBigTest,2022-05-11T15:10:09,0.07474665,1.256106,1.600484,0.04326563,-0.7354001,-0.04509532
Focus3,FirstBigTest,2022-05-11T15:10:09,0.07470201,1.256143,1.600408,0.04326404,-0.7354103,-0.04507193
Focus3,FirstBigTest,2022-05-11T15:10:10,0.07480106,1.25622,1.600312,0.04319101,-0.735413,-0.04504189
Focus3,FirstBigTest,2022-05-11T15:10:10,0.07478189,1.256223,1.600403,0.04339729,-0.7354008,-0.04513049
Focus3,FirstBigTest,2022-05-11T15:10:10,0.07466584,1.256208,1.600376,0.04332972,-0.7354102,-0.04507124
Focus3,FirstBigTest,2022-05-11T15:10:10,0.07470258,1.25619,1.600371,0.04334936,-0.7353888,-0.04511084
Focus3,FirstBigTest,2022-05-11T15:10:10,0.07474449,1.256198,1.600286,0.04318872,-0.7353894,-0.04503366
Focus3,FirstBigTest,2022-05-11T15:10:10,0.0746209,1.256206,1.600296,0.04324627,-0.735412,-0.04509021
Focus3,FirstBigTest,2022-05-11T15:10:10,0.07467349,1.256231,1.600333,0.04328485,-0.7354086,-0.04503817
Focus3,FirstBigTest,2022-05-11T15:10:10,0.07470666,1.256205,1.600356,0.04332749,-0.7353925,-0.04500623
Focus3,FirstBigTest,2022-05-11T15:10:10,0.07469805,1.256196,1.600258,0.04329821,-0.7354121,-0.04499721
Focus3,FirstBigTest,2022-05-11T15:10:11,0.07472599,1.25618,1.600305,0.04340291,-0.7354259,-0.04512004
Focus3,FirstBigTest,2022-05-11T15:10:11,0.07472247,1.256206,1.600376,0.04331571,-0.7354108,-0.04510451
Focus3,FirstBigTest,2022-05-11T15:10:11,0.07466359,1.256213,1.600206,0.04328225,-0.7354016,-0.0451509
Focus3,FirstBigTest,2022-05-11T15:10:11,0.07465295,1.256207,1.600189,0.04333248,-0.7353941,-0.04516153
Focus3,FirstBigTest,2022-05-11T15:10:11,0.07465006,1.256176,1.600235,0.04334662,-0.7354212,-0.04506375
Focus3,FirstBigTest,2022-05-11T15:10:11,0.0746058,1.256119,1.600247,0.04334414,-0.7353957,-0.04509595
Focus3,FirstBigTest,2022-05-11T15:10:11,0.07460097,1.256116,1.60024,0.04332446,-0.7354193,-0.04508821
Focus3,FirstBigTest,2022-05-11T15:10:11,0.07459918,1.256135,1.600283,0.04339054,-0.7353971,-0.045138
Focus3,FirstBigTest,2022-05-11T15:10:11,0.07463011,1.256114,1.600294,0.0433364,-0.7354017,-0.04510287
Focus3,FirstBigTest,2022-05-11T15:10:12,0.07465742,1.256118,1.600225,0.04341746,-0.7353805,-0.04501858
Focus3,FirstBigTest,2022-05-11T15:10:12,0.07466281,1.256119,1.600143,0.04335307,-0.7353905,-0.04504631
Focus3,FirstBigTest,2022-05-11T15:10:12,0.07459815,1.256077,1.600179,0.04327204,-0.7354039,-0.04515586
Focus3,FirstBigTest,2022-05-11T15:10:12,0.07461695,1.256043,1.600263,0.04338375,-0.7353874,-0.04511014
Focus3,FirstBigTest,2022-05-11T15:11:10,-0.6035018,1.246598,-3.110892,0.06723183,-0.04183744,-0.003957015
Focus3,FirstBigTest,2022-05-11T15:11:10,-0.6034585,1.246605,-3.110899,0.06723285,-0.04180023,-0.003930306
Focus3,FirstBigTest,2022-05-11T15:11:11,-0.6034229,1.246611,-3.110915,0.06723125,-0.04183404,-0.003972475
Focus3,FirstBigTest,2022-05-11T15:11:11,-0.6033736,1.246608,-3.110974,0.06727118,-0.04181487,-0.003933937
Focus3,FirstBigTest,2022-05-11T15:11:11,-0.6034118,1.246616,-3.111055,0.06730445,-0.04185965,-0.003969627
Focus3,FirstBigTest,2022-05-11T15:11:11,-0.6034193,1.246614,-3.111062,0.06726813,-0.04184436,-0.004003959
Focus3,FirstBigTest,2022-05-11T15:11:11,-0.6034234,1.24661,-3.111043,0.06723256,-0.04187842,-0.003931531
Focus3,FirstBigTest,2022-05-11T15:11:11,-0.6034378,1.246615,-3.110993,0.06724474,-0.04183703,-0.003992739
Focus3,FirstBigTest,2022-05-11T15:11:11,-0.6034865,1.246622,-3.110871,0.06725586,-0.04183843,-0.003996043
Focus3,FirstBigTest,2022-05-11T15:11:11,-0.6035531,1.246644,-3.11082,0.06723434,-0.04182475,-0.003960373
Focus3,FirstBigTest,2022-05-11T15:11:11,-0.6035883,1.246666,-3.110829,0.0672066,-0.04186476,-0.003944551
Focus3,FirstBigTest,2022-05-11T15:11:12,-0.6035864,1.246655,-3.110857,0.06724526,-0.04189233,-0.003905918
Focus3,FirstBigTest,2022-05-11T15:11:12,-0.6035756,1.246671,-3.110876,0.06722688,-0.04188587,-0.003946911
Focus3,FirstBigTest,2022-05-11T15:11:12,-0.6035384,1.246702,-3.110918,0.0672779,-0.04188263,-0.003965102
Focus3,FirstBigTest,2022-05-11T15:11:12,-0.6035134,1.246733,-3.110937,0.06726874,-0.04189007,-0.003910867
Focus3,FirstBigTest,2022-05-11T15:11:12,-0.6035139,1.24675,-3.110947,0.06724935,-0.04187876,-0.00397311
Focus3,FirstBigTest,2022-05-11T15:11:12,-0.6035227,1.246836,-3.110923,0.06716274,-0.04190788,-0.003982581
Focus3,FirstBigTest,2022-05-11T15:11:12,-0.6035236,1.246948,-3.110913,0.06721614,-0.04187528,-0.003948855
Focus3,FirstBigTest,2022-05-11T15:11:12,-0.6035442,1.246998,-3.110905,0.06722109,-0.04190308,-0.003986109
Focus3,FirstBigTest,2022-05-11T15:11:12,-0.603582,1.247001,-3.110901,0.06728826,-0.04190647,-0.003966118
Focus3,FirstBigTest,2022-05-11T15:11:13,-0.6036003,1.247018,-3.110913,0.06730415,-0.04195427,-0.003938235
Focus3,FirstBigTest,2022-05-11T15:11:13,-0.6036543,1.247025,-3.110878,0.06724788,-0.04191845,-0.003936816
Focus3,FirstBigTest,2022-05-11T15:11:13,-0.6036723,1.247048,-3.11085,0.06715576,-0.04191618,-0.003929412
Focus3,FirstBigTest,2022-05-11T15:11:13,-0.6036544,1.24705,-3.110832,0.06720056,-0.04191154,-0.003910608
Focus3,FirstBigTest,2022-05-11T15:11:13,-0.6036301,1.247039,-3.110824,0.06716894,-0.04189927,-0.003895034
Focus3,FirstBigTest,2022-05-11T15:11:13,-0.6035951,1.247036,-3.110831,0.06719311,-0.04190251,-0.003892634
Focus3,FirstBigTest,2022-05-11T15:11:13,-0.6035787,1.247042,-3.110827,0.06719244,-0.04191017,-0.00390217
Focus3,FirstBigTest,2022-05-11T15:11:13,-0.6035619,1.247052,-3.110841,0.06728687,-0.04191341,-0.003893391
Focus3,FirstBigTest,2022-05-11T15:11:13,-0.6035872,1.247058,-3.110812,0.06716509,-0.04189164,-0.003933401
Focus3,FirstBigTest,2022-05-11T15:11:14,-0.6036597,1.247057,-3.110797,0.06721524,-0.04192276,-0.003926284
Focus3,FirstBigTest,2022-05-11T15:11:14,-0.6037292,1.247044,-3.11079,0.06720405,-0.04190721,-0.00393733
Focus3,FirstBigTest,2022-05-11T15:11:14,-0.6037415,1.247039,-3.110809,0.06723464,-0.04191165,-0.003950616
Focus3,FirstBigTest,2022-05-11T15:11:14,-0.6037546,1.247038,-3.110821,0.06723515,-0.04194114,-0.003873362
Focus3,FirstBigTest,2022-05-11T15:11:14,-0.6037641,1.247018,-3.110859,0.06729865,-0.04199009,-0.003837567
Focus3,FirstBigTest,2022-05-11T15:11:14,-0.6037554,1.247007,-3.110906,0.06725104,-0.0419653,-0.003878472
Focus3,FirstBigTest,2022-05-11T15:11:14,-0.6037537,1.247003,-3.110957,0.06719778,-0.04195023,-0.003891128
Focus3,FirstBigTest,2022-05-11T15:11:14,-0.6037674,1.247023,-3.110935,0.06719966,-0.04196081,-0.003872378
Focus3,FirstBigTest,2022-05-11T15:11:14,-0.6037678,1.24703,-3.110904,0.06722309,-0.04193565,-0.003852188
Focus3,FirstBigTest,2022-05-11T15:11:15,-0.6037437,1.247074,-3.110895,0.06719644,-0.0419772,-0.003877839
Focus3,FirstBigTest,2022-05-11T15:11:15,-0.6037531,1.247118,-3.110893,0.06723291,-0.04199168,-0.003822187
Focus3,FirstBigTest,2022-05-11T15:11:15,-0.6037489,1.247147,-3.110897,0.06729008,-0.04197308,-0.003845401
Focus3,FirstBigTest,2022-05-11T15:11:15,-0.6037517,1.247184,-3.110909,0.0672617,-0.04200507,-0.003810131
Focus3,FirstBigTest,2022-05-11T15:11:15,-0.6037421,1.247201,-3.110892,0.06723556,-0.04198105,-0.003848476
Focus3,FirstBigTest,2022-05-11T15:11:15,-0.6037648,1.247199,-3.110897,0.06722899,-0.04197514,-0.003887752
Focus3,FirstBigTest,2022-05-11T15:11:15,-0.6037866,1.247198,-3.110889,0.06721301,-0.04199368,-0.003845948
Focus3,FirstBigTest,2022-05-11T15:11:15,-0.6038356,1.247178,-3.110882,0.06720233,-0.04197764,-0.00390349
Focus3,FirstBigTest,2022-05-11T15:11:15,-0.6039081,1.24722,-3.110859,0.06719764,-0.04205836,-0.003881171
Focus3,FirstBigTest,2022-05-11T15:11:16,-0.6038974,1.247279,-3.11086,0.06729202,-0.04202146,-0.003776128
Focus3,FirstBigTest,2022-05-11T15:11:16,-0.6039034,1.247291,-3.110875,0.06732448,-0.0420541,-0.003842016
Focus3,FirstBigTest,2022-05-11T15:11:16,-0.6039054,1.247345,-3.110898,0.0672867,-0.04207268,-0.003845757
Focus3,FirstBigTest,2022-05-11T15:11:16,-0.6039256,1.247397,-3.110907,0.06729854,-0.04204544,-0.00379939
Focus3,FirstBigTest,2022-05-11T15:11:16,-0.6039231,1.24743,-3.110919,0.06725609,-0.042051,-0.003828283
Focus3,FirstBigTest,2022-05-11T15:11:16,-0.603923,1.247459,-3.110907,0.06718237,-0.04207071,-0.003813213
Focus3,FirstBigTest,2022-05-11T15:11:16,-0.6039596,1.24748,-3.110918,0.06724926,-0.04209098,-0.003790665
Focus3,FirstBigTest,2022-05-11T15:11:16,-0.6040008,1.247483,-3.110904,0.0672238,-0.04206858,-0.003775202
Focus3,FirstBigTest,2022-05-11T15:11:16,-0.6040103,1.247507,-3.110914,0.06725356,-0.04207896,-0.00377518
Focus3,FirstBigTest,2022-05-11T15:11:17,-0.6040201,1.247499,-3.110897,0.06725215,-0.04212454,-0.003766512
Focus3,FirstBigTest,2022-05-11T15:11:17,-0.6039946,1.247505,-3.110898,0.06726479,-0.04213787,-0.003772635
Focus3,FirstBigTest,2022-05-11T15:11:17,-0.6039616,1.247501,-3.110912,0.06723944,-0.04209077,-0.003761439
Focus3,FirstBigTest,2022-05-11T15:11:17,-0.6039615,1.247494,-3.110913,0.06723145,-0.04211346,-0.003818579
Focus3,FirstBigTest,2022-05-11T15:11:17,-0.6039339,1.2475,-3.110909,0.06719647,-0.04204698,-0.003777375
Focus3,FirstBigTest,2022-05-11T15:11:17,-0.6039452,1.247514,-3.110917,0.06724885,-0.04213429,-0.003737044
Focus3,FirstBigTest,2022-05-11T15:11:17,-0.6039798,1.247536,-3.110888,0.06724655,-0.04208886,-0.003797639
Focus3,FirstBigTest,2022-05-11T15:11:17,-0.6039643,1.247545,-3.110871,0.06725524,-0.04215897,-0.003706932
Focus3,FirstBigTest,2022-05-11T15:11:17,-0.6039484,1.247551,-3.110886,0.06723548,-0.04211669,-0.003741557
Focus3,FirstBigTest,2022-05-11T15:11:18,-0.6039355,1.24757,-3.110878,0.06719707,-0.04214528,-0.003778657
Focus3,FirstBigTest,2022-05-11T15:11:18,-0.6039398,1.247586,-3.110898,0.06720559,-0.04212626,-0.003758785
Focus3,FirstBigTest,2022-05-11T15:11:18,-0.6039547,1.247604,-3.11092,0.06717736,-0.04216304,-0.003739071
Focus3,FirstBigTest,2022-05-11T15:11:18,-0.6039493,1.247611,-3.110948,0.06727748,-0.04216341,-0.003759618
Focus3,FirstBigTest,2022-05-11T15:11:18,-0.6039466,1.247609,-3.110962,0.06727991,-0.04218882,-0.003687513
Focus3,FirstBigTest,2022-05-11T15:11:18,-0.6039521,1.247608,-3.110972,0.06724556,-0.04216428,-0.003738216
Focus3,FirstBigTest,2022-05-11T15:11:18,-0.6039711,1.247625,-3.110965,0.06726835,-0.04210433,-0.003700355
Focus3,FirstBigTest,2022-05-11T15:11:18,-0.6039876,1.247623,-3.110925,0.06722673,-0.04219265,-0.003705254
Focus3,FirstBigTest,2022-05-11T15:11:18,-0.6039866,1.247635,-3.110905,0.06720061,-0.04214172,-0.003687107
Focus3,FirstBigTest,2022-05-11T15:11:19,-0.6039802,1.24761,-3.110865,0.0671537,-0.04218712,-0.003656998
Focus3,FirstBigTest,2022-05-11T15:11:19,-0.6039727,1.24759,-3.110785,0.06720936,-0.04219073,-0.003687993
Focus3,FirstBigTest,2022-05-11T15:11:19,-0.6039648,1.247591,-3.110752,0.06723306,-0.04220077,-0.003689635
Focus3,FirstBigTest,2022-05-11T15:11:19,-0.6039672,1.247601,-3.110742,0.06725284,-0.0422028,-0.003688674
Focus3,FirstBigTest,2022-05-11T15:11:19,-0.6039923,1.247628,-3.110731,0.06719628,-0.04222173,-0.003712192
Focus3,FirstBigTest,2022-05-11T15:11:19,-0.6040037,1.24762,-3.110728,0.06722018,-0.04220001,-0.003733702
Focus3,FirstBigTest,2022-05-11T15:11:19,-0.6040078,1.247623,-3.110751,0.06717107,-0.04219516,-0.003708492
Focus3,FirstBigTest,2022-05-11T15:11:19,-0.6040127,1.247624,-3.110817,0.06722207,-0.04215612,-0.00369743
Focus3,FirstBigTest,2022-05-11T15:11:19,-0.6040441,1.247646,-3.11086,0.06722914,-0.0422294,-0.003693828
Focus3,FirstBigTest,2022-05-11T15:11:20,-0.6040329,1.247656,-3.110892,0.06730394,-0.04217807,-0.003695511
Focus3,FirstBigTest,2022-05-11T15:11:20,-0.6040434,1.247716,-3.110866,0.06720336,-0.0421859,-0.003703146
Focus3,FirstBigTest,2022-05-11T15:11:20,-0.6040483,1.247734,-3.110856,0.06728581,-0.04222234,-0.003660674
Focus3,FirstBigTest,2022-05-11T15:11:20,-0.6040441,1.247744,-3.110828,0.06726203,-0.04222481,-0.003624697
Focus3,FirstBigTest,2022-05-11T15:11:20,-0.6040636,1.247773,-3.110816,0.06724588,-0.04219852,-0.003658064
Focus3,FirstBigTest,2022-05-11T15:11:20,-0.6040599,1.247776,-3.110792,0.06724423,-0.04215344,-0.003663047
Focus3,FirstBigTest,2022-05-11T15:11:20,-0.6040763,1.247798,-3.110768,0.06726357,-0.04228819,-0.003628088

